"VENDOR ID","NAME","ADDR1","ADDR2","ADDR3","CITY","ST","ZIP","PHONE","EXT","salesperson name","salesperson email","salesperson phone"
"00-ABSS","ABS Seafood","Pier 45 Shed D1",,,"San Francisco","CA","94133",,,"Gabe","gabe@absseafood.com",4158508557
"00-AMER","American Paper and Provisions","550 S 7th Ave",,,"City of Industry","CA","91746",,,"Stephen","stephenl@appincc.com",
"00-APSW","A.P.S. Wine & Spirits","P.O. Box 14108",,,"Oakland","CA","94614",,,"Andy Copeland","copeland@apswine.com",
"00-AUTH","Authentic Wine Selections","3841 MacArthur Blvd, Suite C",,,"Oakland","CA","94619",,,"Robert Morrison","romo@authenticws.com",
"00-BEAU","Beaune Imports","1490 66th Street",,,"Emeryville","CA","94608",,,"Nick Griffin","funnybeaune@comcast.net",
"00-BELL","Bella Viva Orchards Inc","7030 Hughson Ave",,,"Hughson","CA","95326",,,,,
"00-BIAG","Biagio Artisan Meats LLC","857 Estabrook Street",,,"San Leandro","CA","94577",,,"Mike",,4086407295
"00-CASA","Casa de Case Inc","224 Carl Street",,,"San Francisco","CA","94117","(415) 759-6360",,,,
"00-COOK","Cooks Company","1942 Jerrold Ave",,,"San Francisco","CA","94124",,,"Rick","orders@cooks.com",4158242800
"00-EPWI","Epic Wines & Spirits","P.O. Box 7521",,,"San Francisco","CA","94120","(844) 824-0421",,"Michael Schubert","mschubert@epic-winesandspirits.com",
"00-ESTA","Estate Wines, LTD","PO Box 5838",,,"Petaluma","CA","94955",,,"JJ Clifton","jjcliftonewl@gmail.com",
"00-FATH","Fathom Seafood","1690 Marine View Drive","Ste C",,"Tacoma","WA","98422",,,,,
"00-FRNC","St. Frank Coffee, LLC.","2340 Polk Street",,,"San Francisco","CA","94109",,,"Ryan Moore","ryan@saintfrankcoffee.com",4158540479
"00-FROH","Frog Hollow Farm","PO Box 2110",,,"Brentwood","CA","94513","(925) 634-2845",,,,
"00-FSTA","Four Star Seafood","1315 Egbert Ave.",,,"San Francisco","CA","94124","(415) 890-4425",,"Justin","justin@fourstarseafood.com",7175780667
"00-GOOD","Good Stuff Distributor Inc.","131 W.Harris Ave.",,,"South San Francisco","CA","94080","(415) 647-6617",,"Ahmed",,4156476617
"00-GREE","GreenLeaf","PO Box 45192",,,"San Francisco","CA","94145-0192",,,"Ben",,4155595813
"00-ITLF","ITALFOOD, Inc.","PO BOX 7511",,,"San Francisco","CA","94120-7511",,,,,
"00-K & J O","K & J Orchards LLC","9196 Gaddini Road",,,"Winters","CA","95694","(530) 220-4294",,,,
"00-KERM","Kermit Lynch","830 Cedar St",,,"Berkeley","CA","94710",,,"Daniel Madero","danielm@kermitlynch.com",
"00-LYRA","LYRA Fine Wine Importers","100 Produce Ave","Ste. G",,"South San Francisco","CA","94080",,,"Robb Tufts","robb@lyrawine.com",
"00-MANN","Manna Foods Inc.","984 West MacArthur Blvd",,,"Emeryville","CA","94608",,,,,
"00-MOFO","Modesto Food Distributors","7601 El Camino Real Street",,,"Daly City","CA","94014",,,,,
"00-NEWP","Newport Meat Company","48811 Warm Springs Blvd.",,,"Fremont","CA","94539",,,"Matt",,4155891651
"00-NNUT","Napa Nuts","PO Box 4306",,,"Napa","CA","94558","(707) 226-6083",,,"info@napanuts.com",7072266083
"00-NOBE","North Berkeley Imports","1005 Camelia Street",,,"Berkeley","CA","94710",,,"Hollis Grant","hollis@northberkeleyimports.com",
"00-NOMA","Nomadic Distribution","5934 Zelzan Ave",,,"Encino","CA","91316","(970) 319-8440",,"Didier Pariente","didier@nomadicdistrobution.com",
"00-PACI","Pacific Edge Wine & Spirits","5155 Clareton Drive #100",,,"Agoura Hills","CA","91301",,,"Michael Craig-Reed",,4156362658
"00-PAGO","Pacific Gourmet, Inc","380 Valley Drive",,,"Brisbane","CA","94005","(415) 641-8400",,"Milo","milo@pacgourmet.com",
"00-PAPL","Pacific Plaza Imports, Inc","3018 Willow Pass Rd","Suite 101",,"Concord","CA","94519",,,"Otto","otto@ppifoods.com",4155433007
"00-REDB","Red Blossom Tea Company","831 Grant Avenue",,,"San Francisco","CA","94108",,,,,
"00-ROMI","Romina Foods, Inc","PO Box 232385",,,"Encinitas","CA","92023",,,"Larissa",,6462023000
"00-ROSE","Rosenthal Wine Merchant","56-43 58 Street",,,"Maspeth","NY","11378",,,"Greg Borden","greg@madrose.com",
"00-SEBA","Sebastopol Microgreens","PO Box 2629",,,"Sebastopol","CA","95473",,,,,
"00-SFSP","Vesta Foodservice","PO Box 2293",,,"Santa Fe Springs","CA","90670","(510) 952-8495",,"Shane","shane.stewart@vestafoodservice.com",4152612701
"00-SOUT","Southern Glazers Wine and Spirits","PO Box 742313",,,"Los Angeles","CA","90074","(415) 660-2501",,"Michael Spiers",,6503032716
"00-SPRI","Spring Board Wine Company","PO Box 49155",,,"San Jose","CA","95161","(415) 492-2035",,"Matthew Oldenberg","matthew@springboardwine.com",
"00-TRUE","True World Foods","1815 Williams Street",,,"San Leandro","CA","94577",,,"Astra",,5107507285
"00-TSAR","Tsar Nicoulai Caviar","3018 Willow Pass Rd",,,"Concord","CA","94519","(415) 543-3007",,"Otto","otto@ppifoods.com",4155433007
"00-VANC","Vance Wine Selections, LLC","2060-D E. Avenida de","Los Arboles # 306",,"Thousand Oaks","CA","91362",,,"Donny Sullivan","donny@thesourceimports.com",
"00-VINI","Vinity Wine Co","PO Box 99695",,,"Emeryville","CA","94662",,,"Tara Macdonald","tara@vintage59.com",
"00-WATE","Waterloo Beverages","PO Box 720114",,,"San Francisco","CA","94172","(415) 368-1849",,"Camilo Malaver","sfbeverager@gmail.com",
"00-WHOL","Whole Spice Inc.","1364 North McDowell Blvd. #20",,,"Petaluma","CA","94954",,,,,7077781750
"00-WINB","Winebow","PO Box 748661",,,"Los Angeles","CA","90074-8661",,,"Chris Miller","chris.Miller@winebow.com",
"00-WINE","Wine Warehouse","PO Box 45616",,,"San Francisco","CA","94145","(510) 236-2233",,"Gloria Chow","g.chow@winewarehouse.com",
"00-YOUN","Youngs Market Company","PO Box 743564",,,"Los Angeles","CA","90074",,,"Kristopher",,9252348286
"00-ATHN","Athenee Importers & Distributors","21 C Orinda Way #240",,,"Orinda","CA","94563",,,"Jason Moore","fjasonmoore@gmail.com",
